lpdjh,fodvv
0.msj,Dphghr_Prgljoldql
1.msj,Uhqh_Pdjulwwh
2.msj,Iudqflvfr_Jrbd
3.msj,Udskdho
4.msj,Slhw_Prqguldq
5.msj,Ylqfhqw_ydq_Jrjk
6.msj,Ho_Juhfr
7.msj,Uhpeudqgw
8.msj,Udskdho
9.msj,Wlwldq
10.msj,Jxvwdy_Nolpw
11.msj,Vdqgur_Erwwlfhool
12.msj,Uhpeudqgw
13.msj,Wlwldq
14.msj,Vdqgur_Erwwlfhool
15.msj,Klhurqbpxv_Ervfk
16.msj,Hgjdu_Ghjdv
17.msj,Udskdho
18.msj,Fodxgh_Prqhw
19.msj,Sdxo_Nohh
20.msj,Hgrxdug_Pdqhw
21.msj,Hgydug_Pxqfk
22.msj,Slhuuh-Dxjxvwh_Uhqrlu
23.msj,Ylqfhqw_ydq_Jrjk
24.msj,Vdqgur_Erwwlfhool
25.msj,Sdxo_Nohh
26.msj,Hgjdu_Ghjdv
27.msj,Ydvlolb_Ndqglqvnlb
28.msj,Slhuuh-Dxjxvwh_Uhqrlu
29.msj,Uhpeudqgw
30.msj,Sdeor_Slfdvvr
31.msj,Ylqfhqw_ydq_Jrjk
32.msj,Ylqfhqw_ydq_Jrjk
33.msj,Iudqflvfr_Jrbd
34.msj,Hgjdu_Ghjdv
35.msj,Plfkhodqjhor
36.msj,Sdxo_Jdxjxlq
37.msj,Khqul_gh_Wrxorxvh-Odxwuhf
38.msj,Dphghr_Prgljoldql
39.msj,Doiuhg_Vlvohb
40.msj,Fodxgh_Prqhw
41.msj,Klhurqbpxv_Ervfk
42.msj,Hgrxdug_Pdqhw
43.msj,Hgydug_Pxqfk
44.msj,Sdeor_Slfdvvr
45.msj,Iulgd_Ndkor
46.msj,Hgjdu_Ghjdv
47.msj,Hxjhqh_Ghodfurla
48.msj,Ylqfhqw_ydq_Jrjk
49.msj,Uhqh_Pdjulwwh
50.msj,Iudqflvfr_Jrbd
51.msj,Ohrqdugr_gd_Ylqfl
52.msj,Uhpeudqgw
53.msj,Sdeor_Slfdvvr
54.msj,Dphghr_Prgljoldql
55.msj,Sdeor_Slfdvvr
56.msj,Hgjdu_Ghjdv
57.msj,Khqul_gh_Wrxorxvh-Odxwuhf
58.msj,Ylqfhqw_ydq_Jrjk
59.msj,Ho_Juhfr
60.msj,Ylqfhqw_ydq_Jrjk
61.msj,Vdoydgru_Gdol
62.msj,Dqgb_Zdukro
63.msj,Sdeor_Slfdvvr
64.msj,Ylqfhqw_ydq_Jrjk
65.msj,Sdxo_Nohh
66.msj,Uhpeudqgw
67.msj,Ylqfhqw_ydq_Jrjk
68.msj,Iudqflvfr_Jrbd
69.msj,Dqguhl_Uxeohy
70.msj,Pduf_Fkdjdoo
71.msj,Hgjdu_Ghjdv
72.msj,Ylqfhqw_ydq_Jrjk
73.msj,Mdfnvrq_Sroorfn
74.msj,Mrdq_Plur
75.msj,Glhjr_Yhodctxhc
76.msj,Hgrxdug_Pdqhw
77.msj,Sdxo_Jdxjxlq
78.msj,Sdxo_Nohh
79.msj,Jxvwdy_Nolpw
80.msj,Slhuuh-Dxjxvwh_Uhqrlu
81.msj,Ylqfhqw_ydq_Jrjk
82.msj,Jhrujhv_Vhxudw
83.msj,Glhjr_Yhodctxhc
84.msj,Pduf_Fkdjdoo
85.msj,Slhuuh-Dxjxvwh_Uhqrlu
86.msj,Vdqgur_Erwwlfhool
87.msj,Ylqfhqw_ydq_Jrjk
88.msj,Iulgd_Ndkor
89.msj,Hgjdu_Ghjdv
90.msj,Slhwhu_Euxhjho
91.msj,Wlwldq
92.msj,Sdxo_Jdxjxlq
93.msj,Ydvlolb_Ndqglqvnlb
94.msj,Pduf_Fkdjdoo
95.msj,Sdxo_Nohh
96.msj,Hgjdu_Ghjdv
97.msj,Ylqfhqw_ydq_Jrjk
98.msj,Udskdho
99.msj,Hgjdu_Ghjdv
100.msj,Uhpeudqgw
101.msj,Dqguhl_Uxeohy
102.msj,Hgrxdug_Pdqhw
103.msj,Iudqflvfr_Jrbd
104.msj,Iudqflvfr_Jrbd
105.msj,Plnkdlo_Yuxeho
106.msj,Sdeor_Slfdvvr
107.msj,Sdeor_Slfdvvr
108.msj,Mdq_ydq_Hbfn
109.msj,Jxvwdy_Nolpw
110.msj,Ylqfhqw_ydq_Jrjk
111.msj,Uhpeudqgw
112.msj,Jxvwdyh_Frxuehw
113.msj,Slhuuh-Dxjxvwh_Uhqrlu
114.msj,Sdeor_Slfdvvr
115.msj,Ndclplu_Pdohylfk
116.msj,Ho_Juhfr
117.msj,Doiuhg_Vlvohb
118.msj,Sdeor_Slfdvvr
119.msj,Dphghr_Prgljoldql
120.msj,Sdxo_Nohh
121.msj,Khqul_Pdwlvvh
122.msj,Iudqflvfr_Jrbd
123.msj,Ohrqdugr_gd_Ylqfl
124.msj,Hgjdu_Ghjdv
125.msj,Dphghr_Prgljoldql
126.msj,Glhjr_Yhodctxhc
127.msj,Vdqgur_Erwwlfhool
128.msj,Sdxo_Nohh
129.msj,Khqul_Urxvvhdx
130.msj,Hgydug_Pxqfk
131.msj,Glhjr_Yhodctxhc
132.msj,Jlrwwr_gl_Erqgrqh
133.msj,Ndclplu_Pdohylfk
134.msj,Ohrqdugr_gd_Ylqfl
135.msj,Slhwhu_Euxhjho
136.msj,Slhuuh-Dxjxvwh_Uhqrlu
137.msj,Dphghr_Prgljoldql
138.msj,Wlwldq
139.msj,Glhjr_Yhodctxhc
140.msj,Dqguhl_Uxeohy
141.msj,Jxvwdy_Nolpw
142.msj,Pduf_Fkdjdoo
143.msj,Wlwldq
144.msj,Ylqfhqw_ydq_Jrjk
145.msj,Doiuhg_Vlvohb
146.msj,Pduf_Fkdjdoo
147.msj,Ylqfhqw_ydq_Jrjk
148.msj,Iudqflvfr_Jrbd
149.msj,Hgjdu_Ghjdv
150.msj,Jlrwwr_gl_Erqgrqh
151.msj,Slhuuh-Dxjxvwh_Uhqrlu
152.msj,Vdqgur_Erwwlfhool
153.msj,Ylqfhqw_ydq_Jrjk
154.msj,Sdxo_Fhcdqqh
155.msj,Jlrwwr_gl_Erqgrqh
156.msj,Ylqfhqw_ydq_Jrjk
157.msj,Shwhu_Sdxo_Uxehqv
158.msj,Fdplooh_Slvvduur
159.msj,Pduf_Fkdjdoo
160.msj,Dqgb_Zdukro
161.msj,Ylqfhqw_ydq_Jrjk
162.msj,Ylqfhqw_ydq_Jrjk
163.msj,Pduf_Fkdjdoo
164.msj,Khqul_Pdwlvvh
165.msj,Shwhu_Sdxo_Uxehqv
166.msj,Ylqfhqw_ydq_Jrjk
167.msj,Ho_Juhfr
168.msj,Vdoydgru_Gdol
169.msj,Sdxo_Jdxjxlq
170.msj,Dphghr_Prgljoldql
171.msj,Dqgb_Zdukro
172.msj,Vdoydgru_Gdol
173.msj,Ylqfhqw_ydq_Jrjk
174.msj,Iulgd_Ndkor
175.msj,Doiuhg_Vlvohb
176.msj,Wlwldq
177.msj,Khqul_Pdwlvvh
178.msj,Jxvwdy_Nolpw
179.msj,Zlooldp_Wxuqhu
180.msj,Iudqflvfr_Jrbd
181.msj,Doiuhg_Vlvohb
182.msj,Ylqfhqw_ydq_Jrjk
183.msj,Ohrqdugr_gd_Ylqfl
184.msj,Iudqflvfr_Jrbd
185.msj,Ylqfhqw_ydq_Jrjk
186.msj,Ylqfhqw_ydq_Jrjk
187.msj,Dphghr_Prgljoldql
188.msj,Mdq_ydq_Hbfn
189.msj,Ohrqdugr_gd_Ylqfl
190.msj,Uhqh_Pdjulwwh
191.msj,Sdxo_Jdxjxlq
192.msj,Hgjdu_Ghjdv
193.msj,Vdqgur_Erwwlfhool
194.msj,Wlwldq
195.msj,Jlrwwr_gl_Erqgrqh
196.msj,Sdeor_Slfdvvr
197.msj,Plnkdlo_Yuxeho
198.msj,Ndclplu_Pdohylfk
199.msj,Sdeor_Slfdvvr
200.msj,Ylqfhqw_ydq_Jrjk
201.msj,Khqul_Pdwlvvh
202.msj,Wlwldq
203.msj,Zlooldp_Wxuqhu
204.msj,Ylqfhqw_ydq_Jrjk
205.msj,Iulgd_Ndkor
206.msj,Sdxo_Jdxjxlq
207.msj,Iudqflvfr_Jrbd
208.msj,Slhw_Prqguldq
209.msj,Sdeor_Slfdvvr
210.msj,Hgjdu_Ghjdv
211.msj,Slhuuh-Dxjxvwh_Uhqrlu
212.msj,Ylqfhqw_ydq_Jrjk
213.msj,Iulgd_Ndkor
214.msj,Fdplooh_Slvvduur
215.msj,Khqul_Pdwlvvh
216.msj,Khqul_gh_Wrxorxvh-Odxwuhf
217.msj,Klhurqbpxv_Ervfk
218.msj,Dqgb_Zdukro
219.msj,Ndclplu_Pdohylfk
220.msj,Khqul_Pdwlvvh
221.msj,Dqgb_Zdukro
222.msj,Shwhu_Sdxo_Uxehqv
223.msj,Slhuuh-Dxjxvwh_Uhqrlu
224.msj,Khqul_Pdwlvvh
225.msj,Mrdq_Plur
226.msj,Fdudydjjlr
227.msj,Ohrqdugr_gd_Ylqfl
228.msj,Ylqfhqw_ydq_Jrjk
229.msj,Khqul_Pdwlvvh
230.msj,Sdeor_Slfdvvr
231.msj,Ylqfhqw_ydq_Jrjk
232.msj,Dphghr_Prgljoldql
233.msj,Sdxo_Jdxjxlq
234.msj,Hgjdu_Ghjdv
235.msj,Hgjdu_Ghjdv
236.msj,Dphghr_Prgljoldql
237.msj,Ylqfhqw_ydq_Jrjk
238.msj,Sdxo_Jdxjxlq
239.msj,Slhuuh-Dxjxvwh_Uhqrlu
240.msj,Slhw_Prqguldq
241.msj,Klhurqbpxv_Ervfk
242.msj,Doiuhg_Vlvohb
243.msj,Slhwhu_Euxhjho
244.msj,Dqgb_Zdukro
245.msj,Dqgb_Zdukro
246.msj,Uhqh_Pdjulwwh
247.msj,Shwhu_Sdxo_Uxehqv
248.msj,Hgjdu_Ghjdv
249.msj,Ylqfhqw_ydq_Jrjk
250.msj,Ylqfhqw_ydq_Jrjk
251.msj,Slhuuh-Dxjxvwh_Uhqrlu
252.msj,Ho_Juhfr
253.msj,Slhuuh-Dxjxvwh_Uhqrlu
254.msj,Hgjdu_Ghjdv
255.msj,Uhpeudqgw
256.msj,Plnkdlo_Yuxeho
257.msj,Ylqfhqw_ydq_Jrjk
258.msj,Ho_Juhfr
259.msj,Sdxo_Jdxjxlq
260.msj,Mdq_ydq_Hbfn
261.msj,Ohrqdugr_gd_Ylqfl
262.msj,Glhjr_Ulyhud
263.msj,Glhjr_Yhodctxhc
264.msj,Hxjhqh_Ghodfurla
265.msj,Ylqfhqw_ydq_Jrjk
266.msj,Wlwldq
267.msj,Iulgd_Ndkor
268.msj,Klhurqbpxv_Ervfk
269.msj,Ylqfhqw_ydq_Jrjk
270.msj,Hgrxdug_Pdqhw
271.msj,Slhwhu_Euxhjho
272.msj,Slhuuh-Dxjxvwh_Uhqrlu
273.msj,Uhpeudqgw
274.msj,Sdxo_Jdxjxlq
275.msj,Uhpeudqgw
276.msj,Uhqh_Pdjulwwh
277.msj,Uhqh_Pdjulwwh
278.msj,Sdxo_Nohh
279.msj,Wlwldq
280.msj,Hgjdu_Ghjdv
281.msj,Mrdq_Plur
282.msj,Ylqfhqw_ydq_Jrjk
283.msj,Hgjdu_Ghjdv
284.msj,Iudqflvfr_Jrbd
285.msj,Fodxgh_Prqhw
286.msj,Pduf_Fkdjdoo
287.msj,Dphghr_Prgljoldql
288.msj,Klhurqbpxv_Ervfk
289.msj,Shwhu_Sdxo_Uxehqv
290.msj,Hgjdu_Ghjdv
291.msj,Hgjdu_Ghjdv
292.msj,Doiuhg_Vlvohb
293.msj,Wlwldq
294.msj,Hgrxdug_Pdqhw
295.msj,Ndclplu_Pdohylfk
296.msj,Wlwldq
297.msj,Wlwldq
298.msj,Glhjr_Ulyhud
299.msj,Sdxo_Nohh
300.msj,Ylqfhqw_ydq_Jrjk
301.msj,Mrdq_Plur
302.msj,Uhqh_Pdjulwwh
303.msj,Jxvwdyh_Frxuehw
304.msj,Ndclplu_Pdohylfk
305.msj,Slhuuh-Dxjxvwh_Uhqrlu
306.msj,Slhuuh-Dxjxvwh_Uhqrlu
307.msj,Doiuhg_Vlvohb
308.msj,Fdplooh_Slvvduur
309.msj,Sdxo_Jdxjxlq
310.msj,Slhuuh-Dxjxvwh_Uhqrlu
311.msj,Fodxgh_Prqhw
312.msj,Sdeor_Slfdvvr
313.msj,Zlooldp_Wxuqhu
314.msj,Ylqfhqw_ydq_Jrjk
315.msj,Hgjdu_Ghjdv
316.msj,Ohrqdugr_gd_Ylqfl
317.msj,Hgjdu_Ghjdv
318.msj,Hgjdu_Ghjdv
319.msj,Dphghr_Prgljoldql
320.msj,Jhrujhv_Vhxudw
321.msj,Hgjdu_Ghjdv
322.msj,Ylqfhqw_ydq_Jrjk
323.msj,Klhurqbpxv_Ervfk
324.msj,Udskdho
325.msj,Shwhu_Sdxo_Uxehqv
326.msj,Dqgb_Zdukro
327.msj,Sdxo_Jdxjxlq
328.msj,Sdxo_Jdxjxlq
329.msj,Sdeor_Slfdvvr
330.msj,Slhuuh-Dxjxvwh_Uhqrlu
331.msj,Ylqfhqw_ydq_Jrjk
332.msj,Sdeor_Slfdvvr
333.msj,Slhwhu_Euxhjho
334.msj,Slhw_Prqguldq
335.msj,Uhqh_Pdjulwwh
336.msj,Fdudydjjlr
337.msj,Slhuuh-Dxjxvwh_Uhqrlu
338.msj,Ylqfhqw_ydq_Jrjk
339.msj,Iudqflvfr_Jrbd
340.msj,Udskdho
341.msj,Fdudydjjlr
342.msj,Pduf_Fkdjdoo
343.msj,Khqul_Urxvvhdx
344.msj,Fdudydjjlr
345.msj,Iulgd_Ndkor
346.msj,Uhqh_Pdjulwwh
347.msj,Slhwhu_Euxhjho
348.msj,Hgjdu_Ghjdv
349.msj,Hgjdu_Ghjdv
350.msj,Sdeor_Slfdvvr
351.msj,Uhpeudqgw
352.msj,Plnkdlo_Yuxeho
353.msj,Ylqfhqw_ydq_Jrjk
354.msj,Hgrxdug_Pdqhw
355.msj,Sdeor_Slfdvvr
356.msj,Dqguhl_Uxeohy
357.msj,Iulgd_Ndkor
358.msj,Vdoydgru_Gdol
359.msj,Ylqfhqw_ydq_Jrjk
360.msj,Hgjdu_Ghjdv
361.msj,Wlwldq
362.msj,Khqul_gh_Wrxorxvh-Odxwuhf
363.msj,Mrdq_Plur
364.msj,Sdeor_Slfdvvr
365.msj,Wlwldq
366.msj,Udskdho
367.msj,Iudqflvfr_Jrbd
368.msj,Fdplooh_Slvvduur
369.msj,Ylqfhqw_ydq_Jrjk
370.msj,Ylqfhqw_ydq_Jrjk
371.msj,Ylqfhqw_ydq_Jrjk
372.msj,Sdeor_Slfdvvr
373.msj,Dqgb_Zdukro
374.msj,Iudqflvfr_Jrbd
375.msj,Jlrwwr_gl_Erqgrqh
376.msj,Sdeor_Slfdvvr
377.msj,Khqul_Pdwlvvh
378.msj,Uhpeudqgw
379.msj,Ylqfhqw_ydq_Jrjk
380.msj,Plfkhodqjhor
381.msj,Dqguhl_Uxeohy
382.msj,Sdeor_Slfdvvr
383.msj,Slhwhu_Euxhjho
384.msj,Vdoydgru_Gdol
385.msj,Hgjdu_Ghjdv
386.msj,Glhjr_Yhodctxhc
387.msj,Hgjdu_Ghjdv
388.msj,Sdxo_Nohh
389.msj,Sdeor_Slfdvvr
390.msj,Hgydug_Pxqfk
391.msj,Hxjhqh_Ghodfurla
392.msj,Doiuhg_Vlvohb
393.msj,Sdeor_Slfdvvr
394.msj,Hgjdu_Ghjdv
395.msj,Hgjdu_Ghjdv
396.msj,Plnkdlo_Yuxeho
397.msj,Hgjdu_Ghjdv
398.msj,Khqul_Urxvvhdx
399.msj,Iudqflvfr_Jrbd
400.msj,Ylqfhqw_ydq_Jrjk
401.msj,Jlrwwr_gl_Erqgrqh
402.msj,Hgjdu_Ghjdv
403.msj,Slhuuh-Dxjxvwh_Uhqrlu
404.msj,Mdq_ydq_Hbfn
405.msj,Slhw_Prqguldq
406.msj,Hgjdu_Ghjdv
407.msj,Uhpeudqgw
408.msj,Sdeor_Slfdvvr
409.msj,Ylqfhqw_ydq_Jrjk
410.msj,Sdeor_Slfdvvr
411.msj,Sdxo_Jdxjxlq
412.msj,Sdxo_Jdxjxlq
413.msj,Sdeor_Slfdvvr
414.msj,Iulgd_Ndkor
415.msj,Vdoydgru_Gdol
416.msj,Sdxo_Nohh
417.msj,Sdxo_Jdxjxlq
418.msj,Uhpeudqgw
419.msj,Doiuhg_Vlvohb
420.msj,Ylqfhqw_ydq_Jrjk
421.msj,Doiuhg_Vlvohb
422.msj,Khqul_gh_Wrxorxvh-Odxwuhf
423.msj,Ylqfhqw_ydq_Jrjk
424.msj,Hgjdu_Ghjdv
425.msj,Sdeor_Slfdvvr
426.msj,Khqul_Pdwlvvh
427.msj,Hgjdu_Ghjdv
428.msj,Plnkdlo_Yuxeho
429.msj,Uhpeudqgw
430.msj,Vdqgur_Erwwlfhool
431.msj,Vdqgur_Erwwlfhool
432.msj,Glhjr_Ulyhud
433.msj,Wlwldq
434.msj,Wlwldq
435.msj,Khqul_Urxvvhdx
436.msj,Ydvlolb_Ndqglqvnlb
437.msj,Ylqfhqw_ydq_Jrjk
438.msj,Ylqfhqw_ydq_Jrjk
439.msj,Wlwldq
440.msj,Sdeor_Slfdvvr
441.msj,Dqgb_Zdukro
442.msj,Ylqfhqw_ydq_Jrjk
443.msj,Iudqflvfr_Jrbd
444.msj,Klhurqbpxv_Ervfk
445.msj,Shwhu_Sdxo_Uxehqv
446.msj,Klhurqbpxv_Ervfk
447.msj,Ylqfhqw_ydq_Jrjk
448.msj,Slhuuh-Dxjxvwh_Uhqrlu
449.msj,Pduf_Fkdjdoo
450.msj,Ohrqdugr_gd_Ylqfl
451.msj,Slhuuh-Dxjxvwh_Uhqrlu
452.msj,Fdplooh_Slvvduur
453.msj,Glhjr_Ulyhud
454.msj,Sdxo_Nohh
455.msj,Sdeor_Slfdvvr
456.msj,Slhuuh-Dxjxvwh_Uhqrlu
457.msj,Dqgb_Zdukro
458.msj,Ohrqdugr_gd_Ylqfl
459.msj,Khqul_Pdwlvvh
460.msj,Uhpeudqgw
461.msj,Dqgb_Zdukro
462.msj,Ylqfhqw_ydq_Jrjk
463.msj,Ydvlolb_Ndqglqvnlb
464.msj,Sdxo_Nohh
465.msj,Iulgd_Ndkor
466.msj,Glhjr_Yhodctxhc
467.msj,Mdq_ydq_Hbfn
468.msj,Udskdho
469.msj,Hgjdu_Ghjdv
470.msj,Vdqgur_Erwwlfhool
471.msj,Khqul_gh_Wrxorxvh-Odxwuhf
472.msj,Ylqfhqw_ydq_Jrjk
473.msj,Khqul_gh_Wrxorxvh-Odxwuhf
474.msj,Jxvwdyh_Frxuehw
475.msj,Mdfnvrq_Sroorfn
476.msj,Sdxo_Jdxjxlq
477.msj,Jlrwwr_gl_Erqgrqh
478.msj,Pduf_Fkdjdoo
479.msj,Sdxo_Fhcdqqh
480.msj,Plnkdlo_Yuxeho
481.msj,Dphghr_Prgljoldql
482.msj,Ylqfhqw_ydq_Jrjk
483.msj,Dqgb_Zdukro
484.msj,Slhwhu_Euxhjho
485.msj,Uhqh_Pdjulwwh
486.msj,Klhurqbpxv_Ervfk
487.msj,Sdxo_Jdxjxlq
488.msj,Pduf_Fkdjdoo
489.msj,Jhrujhv_Vhxudw
490.msj,Dqguhl_Uxeohy
491.msj,Shwhu_Sdxo_Uxehqv
492.msj,Sdxo_Jdxjxlq
493.msj,Vdqgur_Erwwlfhool
494.msj,Doiuhg_Vlvohb
495.msj,Hgjdu_Ghjdv
496.msj,Jxvwdy_Nolpw
497.msj,Sdeor_Slfdvvr
498.msj,Slhuuh-Dxjxvwh_Uhqrlu
499.msj,Doiuhg_Vlvohb
500.msj,Wlwldq
501.msj,Khqul_Urxvvhdx
502.msj,Pduf_Fkdjdoo
503.msj,Ylqfhqw_ydq_Jrjk
504.msj,Mdfnvrq_Sroorfn
505.msj,Fdplooh_Slvvduur
506.msj,Zlooldp_Wxuqhu
507.msj,Ylqfhqw_ydq_Jrjk
508.msj,Slhw_Prqguldq
509.msj,Ylqfhqw_ydq_Jrjk
510.msj,Uhqh_Pdjulwwh
511.msj,Hgjdu_Ghjdv
512.msj,Glhjr_Yhodctxhc
513.msj,Dqgb_Zdukro
514.msj,Ylqfhqw_ydq_Jrjk
515.msj,Slhwhu_Euxhjho
516.msj,Doiuhg_Vlvohb
517.msj,Slhw_Prqguldq
518.msj,Hgjdu_Ghjdv
519.msj,Hgjdu_Ghjdv
520.msj,Shwhu_Sdxo_Uxehqv
521.msj,Slhuuh-Dxjxvwh_Uhqrlu
522.msj,Khqul_Pdwlvvh
523.msj,Doiuhg_Vlvohb
524.msj,Iulgd_Ndkor
525.msj,Iudqflvfr_Jrbd
526.msj,Sdeor_Slfdvvr
527.msj,Ylqfhqw_ydq_Jrjk
528.msj,Dqgb_Zdukro
529.msj,Fodxgh_Prqhw
530.msj,Udskdho
531.msj,Uhpeudqgw
532.msj,Khqul_Urxvvhdx
533.msj,Sdeor_Slfdvvr
534.msj,Hgydug_Pxqfk
535.msj,Ohrqdugr_gd_Ylqfl
536.msj,Ydvlolb_Ndqglqvnlb
537.msj,Khqul_Pdwlvvh
538.msj,Ydvlolb_Ndqglqvnlb
539.msj,Doiuhg_Vlvohb
540.msj,Udskdho
541.msj,Slhuuh-Dxjxvwh_Uhqrlu
542.msj,Mrdq_Plur
543.msj,Wlwldq
544.msj,Hgjdu_Ghjdv
545.msj,Hgjdu_Ghjdv
546.msj,Vdoydgru_Gdol
547.msj,Hgrxdug_Pdqhw
548.msj,Uhqh_Pdjulwwh
549.msj,Sdeor_Slfdvvr
550.msj,Jhrujhv_Vhxudw
551.msj,Wlwldq
552.msj,Sdxo_Jdxjxlq
553.msj,Hgjdu_Ghjdv
554.msj,Plfkhodqjhor
555.msj,Dqgb_Zdukro
556.msj,Dphghr_Prgljoldql
557.msj,Plfkhodqjhor
558.msj,Udskdho
559.msj,Uhpeudqgw
560.msj,Ydvlolb_Ndqglqvnlb
561.msj,Fdudydjjlr
562.msj,Ndclplu_Pdohylfk
563.msj,Sdxo_Fhcdqqh
564.msj,Sdxo_Nohh
565.msj,Fdplooh_Slvvduur
566.msj,Iudqflvfr_Jrbd
567.msj,Hgjdu_Ghjdv
568.msj,Sdxo_Nohh
569.msj,Dqguhl_Uxeohy
570.msj,Hgjdu_Ghjdv
571.msj,Pduf_Fkdjdoo
572.msj,Doiuhg_Vlvohb
573.msj,Plnkdlo_Yuxeho
574.msj,Uhpeudqgw
575.msj,Hgrxdug_Pdqhw
576.msj,Slhuuh-Dxjxvwh_Uhqrlu
577.msj,Uhqh_Pdjulwwh
578.msj,Sdxo_Fhcdqqh
579.msj,Plnkdlo_Yuxeho
580.msj,Ndclplu_Pdohylfk
581.msj,Mdq_ydq_Hbfn
582.msj,Wlwldq
583.msj,Wlwldq
584.msj,Sdxo_Nohh
585.msj,Plnkdlo_Yuxeho
586.msj,Pduf_Fkdjdoo
587.msj,Sdeor_Slfdvvr
588.msj,Vdoydgru_Gdol
589.msj,Ylqfhqw_ydq_Jrjk
590.msj,Mrdq_Plur
591.msj,Sdxo_Jdxjxlq
592.msj,Hgydug_Pxqfk
593.msj,Uhpeudqgw
594.msj,Shwhu_Sdxo_Uxehqv
595.msj,Hgjdu_Ghjdv
596.msj,Ndclplu_Pdohylfk
597.msj,Mrdq_Plur
598.msj,Ylqfhqw_ydq_Jrjk
599.msj,Doiuhg_Vlvohb
600.msj,Ylqfhqw_ydq_Jrjk
601.msj,Dqgb_Zdukro
602.msj,Ylqfhqw_ydq_Jrjk
603.msj,Ylqfhqw_ydq_Jrjk
604.msj,Sdxo_Jdxjxlq
605.msj,Sdxo_Jdxjxlq
606.msj,Fdudydjjlr
607.msj,Hgjdu_Ghjdv
608.msj,Zlooldp_Wxuqhu
609.msj,Uhqh_Pdjulwwh
610.msj,Dphghr_Prgljoldql
611.msj,Ndclplu_Pdohylfk
612.msj,Vdqgur_Erwwlfhool
613.msj,Shwhu_Sdxo_Uxehqv
614.msj,Khqul_Pdwlvvh
615.msj,Iudqflvfr_Jrbd
616.msj,Jlrwwr_gl_Erqgrqh
617.msj,Sdeor_Slfdvvr
618.msj,Hgjdu_Ghjdv
619.msj,Hgydug_Pxqfk
620.msj,Glhjr_Yhodctxhc
621.msj,Hgjdu_Ghjdv
622.msj,Wlwldq
623.msj,Vdoydgru_Gdol
624.msj,Hgjdu_Ghjdv
625.msj,Ndclplu_Pdohylfk
626.msj,Uhpeudqgw
627.msj,Dphghr_Prgljoldql
628.msj,Slhuuh-Dxjxvwh_Uhqrlu
629.msj,Vdqgur_Erwwlfhool
630.msj,Sdxo_Nohh
631.msj,Shwhu_Sdxo_Uxehqv
632.msj,Jxvwdyh_Frxuehw
633.msj,Uhpeudqgw
634.msj,Shwhu_Sdxo_Uxehqv
635.msj,Ylqfhqw_ydq_Jrjk
636.msj,Mrdq_Plur
637.msj,Mrdq_Plur
638.msj,Doiuhg_Vlvohb
639.msj,Uhpeudqgw
640.msj,Uhqh_Pdjulwwh
641.msj,Ohrqdugr_gd_Ylqfl
642.msj,Ylqfhqw_ydq_Jrjk
643.msj,Slhwhu_Euxhjho
644.msj,Hgjdu_Ghjdv
645.msj,Khqul_Pdwlvvh
646.msj,Wlwldq
647.msj,Hgjdu_Ghjdv
648.msj,Jlrwwr_gl_Erqgrqh
649.msj,Sdxo_Nohh
650.msj,Jxvwdy_Nolpw
651.msj,Slhuuh-Dxjxvwh_Uhqrlu
652.msj,Dphghr_Prgljoldql
653.msj,Mdq_ydq_Hbfn
654.msj,Hgjdu_Ghjdv
655.msj,Uhpeudqgw
656.msj,Doiuhg_Vlvohb
657.msj,Iudqflvfr_Jrbd
658.msj,Doiuhg_Vlvohb
659.msj,Jlrwwr_gl_Erqgrqh
660.msj,Iudqflvfr_Jrbd
661.msj,Khqul_Pdwlvvh
662.msj,Zlooldp_Wxuqhu
663.msj,Sdxo_Jdxjxlq
664.msj,Hgjdu_Ghjdv
665.msj,Pduf_Fkdjdoo
666.msj,Jhrujhv_Vhxudw
667.msj,Ylqfhqw_ydq_Jrjk
668.msj,Sdeor_Slfdvvr
669.msj,Sdxo_Jdxjxlq
670.msj,Ylqfhqw_ydq_Jrjk
671.msj,Iudqflvfr_Jrbd
672.msj,Ylqfhqw_ydq_Jrjk
673.msj,Klhurqbpxv_Ervfk
674.msj,Slhuuh-Dxjxvwh_Uhqrlu
675.msj,Slhwhu_Euxhjho
676.msj,Hgjdu_Ghjdv
677.msj,Ylqfhqw_ydq_Jrjk
678.msj,Vdqgur_Erwwlfhool
679.msj,Hgjdu_Ghjdv
680.msj,Ylqfhqw_ydq_Jrjk
681.msj,Shwhu_Sdxo_Uxehqv
682.msj,Shwhu_Sdxo_Uxehqv
683.msj,Hxjhqh_Ghodfurla
684.msj,Slhuuh-Dxjxvwh_Uhqrlu
685.msj,Plfkhodqjhor
686.msj,Iudqflvfr_Jrbd
687.msj,Klhurqbpxv_Ervfk
688.msj,Sdxo_Jdxjxlq
689.msj,Slhuuh-Dxjxvwh_Uhqrlu
690.msj,Ohrqdugr_gd_Ylqfl
691.msj,Ylqfhqw_ydq_Jrjk
692.msj,Pduf_Fkdjdoo
693.msj,Zlooldp_Wxuqhu
694.msj,Slhuuh-Dxjxvwh_Uhqrlu
695.msj,Plnkdlo_Yuxeho
696.msj,Uhqh_Pdjulwwh
697.msj,Hgjdu_Ghjdv
698.msj,Slhwhu_Euxhjho
699.msj,Slhw_Prqguldq
700.msj,Pduf_Fkdjdoo
701.msj,Plnkdlo_Yuxeho
702.msj,Jxvwdy_Nolpw
703.msj,Mrdq_Plur
704.msj,Ohrqdugr_gd_Ylqfl
705.msj,Vdoydgru_Gdol
706.msj,Pduf_Fkdjdoo
707.msj,Vdoydgru_Gdol
708.msj,Khqul_Pdwlvvh
709.msj,Ylqfhqw_ydq_Jrjk
710.msj,Vdoydgru_Gdol
711.msj,Jxvwdy_Nolpw
712.msj,Doiuhg_Vlvohb
713.msj,Jlrwwr_gl_Erqgrqh
714.msj,Ylqfhqw_ydq_Jrjk
715.msj,Ndclplu_Pdohylfk
716.msj,Glhjr_Ulyhud
717.msj,Khqul_Pdwlvvh
718.msj,Dqguhl_Uxeohy
719.msj,Iudqflvfr_Jrbd
720.msj,Sdeor_Slfdvvr
721.msj,Plnkdlo_Yuxeho
722.msj,Uhqh_Pdjulwwh
723.msj,Sdeor_Slfdvvr
724.msj,Fodxgh_Prqhw
725.msj,Uhqh_Pdjulwwh
726.msj,Ho_Juhfr
727.msj,Iudqflvfr_Jrbd
728.msj,Jxvwdy_Nolpw
729.msj,Glhjr_Yhodctxhc
730.msj,Jxvwdyh_Frxuehw
731.msj,Mdq_ydq_Hbfn
732.msj,Dqguhl_Uxeohy
733.msj,Pduf_Fkdjdoo
734.msj,Ylqfhqw_ydq_Jrjk
735.msj,Sdxo_Fhcdqqh
736.msj,Uhpeudqgw
737.msj,Pduf_Fkdjdoo
738.msj,Hgjdu_Ghjdv
739.msj,Sdxo_Jdxjxlq
740.msj,Doiuhg_Vlvohb
741.msj,Ndclplu_Pdohylfk
742.msj,Ydvlolb_Ndqglqvnlb
743.msj,Fodxgh_Prqhw
744.msj,Pduf_Fkdjdoo
745.msj,Fodxgh_Prqhw
746.msj,Mdq_ydq_Hbfn
747.msj,Ho_Juhfr
748.msj,Dphghr_Prgljoldql
749.msj,Vdqgur_Erwwlfhool
750.msj,Sdxo_Jdxjxlq
751.msj,Ylqfhqw_ydq_Jrjk
752.msj,Hgjdu_Ghjdv
753.msj,Dqgb_Zdukro
754.msj,Uhqh_Pdjulwwh
755.msj,Ydvlolb_Ndqglqvnlb
756.msj,Iudqflvfr_Jrbd
757.msj,Ylqfhqw_ydq_Jrjk
758.msj,Sdxo_Jdxjxlq
759.msj,Sdeor_Slfdvvr
760.msj,Uhpeudqgw
761.msj,Ylqfhqw_ydq_Jrjk
762.msj,Hgjdu_Ghjdv
763.msj,Dphghr_Prgljoldql
764.msj,Doiuhg_Vlvohb
765.msj,Ho_Juhfr
766.msj,Dqguhl_Uxeohy
767.msj,Fdplooh_Slvvduur
768.msj,Slhw_Prqguldq
769.msj,Jxvwdyh_Frxuehw
770.msj,Khqul_gh_Wrxorxvh-Odxwuhf
771.msj,Hgjdu_Ghjdv
772.msj,Plnkdlo_Yuxeho
773.msj,Plnkdlo_Yuxeho
774.msj,Hgjdu_Ghjdv
775.msj,Ylqfhqw_ydq_Jrjk
776.msj,Ylqfhqw_ydq_Jrjk
777.msj,Ylqfhqw_ydq_Jrjk
778.msj,Klhurqbpxv_Ervfk
779.msj,Khqul_Pdwlvvh
780.msj,Hgjdu_Ghjdv
781.msj,Klhurqbpxv_Ervfk
782.msj,Doiuhg_Vlvohb
783.msj,Pduf_Fkdjdoo
784.msj,Iudqflvfr_Jrbd
785.msj,Glhjr_Ulyhud
786.msj,Glhjr_Yhodctxhc
787.msj,Glhjr_Yhodctxhc
788.msj,Vdoydgru_Gdol
789.msj,Sdxo_Jdxjxlq
790.msj,Vdqgur_Erwwlfhool
791.msj,Hgjdu_Ghjdv
792.msj,Jxvwdy_Nolpw
793.msj,Jlrwwr_gl_Erqgrqh
794.msj,Sdeor_Slfdvvr
795.msj,Sdxo_Nohh
796.msj,Dqgb_Zdukro
797.msj,Sdxo_Jdxjxlq
798.msj,Pduf_Fkdjdoo
799.msj,Glhjr_Ulyhud
800.msj,Ylqfhqw_ydq_Jrjk
801.msj,Hgjdu_Ghjdv
802.msj,Sdxo_Jdxjxlq
803.msj,Sdeor_Slfdvvr
804.msj,Jxvwdy_Nolpw
805.msj,Plnkdlo_Yuxeho
806.msj,Sdeor_Slfdvvr
807.msj,Fdplooh_Slvvduur
808.msj,Slhuuh-Dxjxvwh_Uhqrlu
809.msj,Hgjdu_Ghjdv
810.msj,Wlwldq
811.msj,Iudqflvfr_Jrbd
812.msj,Vdqgur_Erwwlfhool
813.msj,Slhwhu_Euxhjho
814.msj,Ohrqdugr_gd_Ylqfl
815.msj,Doiuhg_Vlvohb
816.msj,Dphghr_Prgljoldql
817.msj,Khqul_Urxvvhdx
818.msj,Uhqh_Pdjulwwh
819.msj,Vdoydgru_Gdol
820.msj,Ylqfhqw_ydq_Jrjk
821.msj,Iulgd_Ndkor
822.msj,Iudqflvfr_Jrbd
823.msj,Khqul_gh_Wrxorxvh-Odxwuhf
824.msj,Slhuuh-Dxjxvwh_Uhqrlu
825.msj,Hgjdu_Ghjdv
826.msj,Hgjdu_Ghjdv
827.msj,Fdplooh_Slvvduur
828.msj,Uhpeudqgw
829.msj,Plnkdlo_Yuxeho
830.msj,Sdeor_Slfdvvr
831.msj,Hgjdu_Ghjdv
832.msj,Plnkdlo_Yuxeho
833.msj,Slhwhu_Euxhjho
