image,class
0.jpg,Amedeo_Modigliani
1.jpg,Rene_Magritte
2.jpg,Francisco_Goya
3.jpg,Raphael
4.jpg,Piet_Mondrian
5.jpg,Vincent_van_Gogh
6.jpg,El_Greco
7.jpg,Rembrandt
8.jpg,Raphael
9.jpg,Titian
10.jpg,Gustav_Klimt
11.jpg,Sandro_Botticelli
12.jpg,Rembrandt
13.jpg,Titian
14.jpg,Sandro_Botticelli
15.jpg,Hieronymus_Bosch
16.jpg,Edgar_Degas
17.jpg,Raphael
18.jpg,Claude_Monet
19.jpg,Paul_Klee
20.jpg,Edouard_Manet
21.jpg,Edvard_Munch
22.jpg,Pierre-Auguste_Renoir
23.jpg,Vincent_van_Gogh
24.jpg,Sandro_Botticelli
25.jpg,Paul_Klee
26.jpg,Edgar_Degas
27.jpg,Vasiliy_Kandinskiy
28.jpg,Pierre-Auguste_Renoir
29.jpg,Rembrandt
30.jpg,Pablo_Picasso
31.jpg,Vincent_van_Gogh
32.jpg,Vincent_van_Gogh
33.jpg,Francisco_Goya
34.jpg,Edgar_Degas
35.jpg,Michelangelo
36.jpg,Paul_Gauguin
37.jpg,Henri_de_Toulouse-Lautrec
38.jpg,Amedeo_Modigliani
39.jpg,Alfred_Sisley
40.jpg,Claude_Monet
41.jpg,Hieronymus_Bosch
42.jpg,Edouard_Manet
43.jpg,Edvard_Munch
44.jpg,Pablo_Picasso
45.jpg,Frida_Kahlo
46.jpg,Edgar_Degas
47.jpg,Eugene_Delacroix
48.jpg,Vincent_van_Gogh
49.jpg,Rene_Magritte
50.jpg,Francisco_Goya
51.jpg,Leonardo_da_Vinci
52.jpg,Rembrandt
53.jpg,Pablo_Picasso
54.jpg,Amedeo_Modigliani
55.jpg,Pablo_Picasso
56.jpg,Edgar_Degas
57.jpg,Henri_de_Toulouse-Lautrec
58.jpg,Vincent_van_Gogh
59.jpg,El_Greco
60.jpg,Vincent_van_Gogh
61.jpg,Salvador_Dali
62.jpg,Andy_Warhol
63.jpg,Pablo_Picasso
64.jpg,Vincent_van_Gogh
65.jpg,Paul_Klee
66.jpg,Rembrandt
67.jpg,Vincent_van_Gogh
68.jpg,Francisco_Goya
69.jpg,Andrei_Rublev
70.jpg,Marc_Chagall
71.jpg,Edgar_Degas
72.jpg,Vincent_van_Gogh
73.jpg,Jackson_Pollock
74.jpg,Joan_Miro
75.jpg,Diego_Velazquez
76.jpg,Edouard_Manet
77.jpg,Paul_Gauguin
78.jpg,Paul_Klee
79.jpg,Gustav_Klimt
80.jpg,Pierre-Auguste_Renoir
81.jpg,Vincent_van_Gogh
82.jpg,Georges_Seurat
83.jpg,Diego_Velazquez
84.jpg,Marc_Chagall
85.jpg,Pierre-Auguste_Renoir
86.jpg,Sandro_Botticelli
87.jpg,Vincent_van_Gogh
88.jpg,Frida_Kahlo
89.jpg,Edgar_Degas
90.jpg,Pieter_Bruegel
91.jpg,Titian
92.jpg,Paul_Gauguin
93.jpg,Vasiliy_Kandinskiy
94.jpg,Marc_Chagall
95.jpg,Paul_Klee
96.jpg,Edgar_Degas
97.jpg,Vincent_van_Gogh
98.jpg,Raphael
99.jpg,Edgar_Degas
100.jpg,Rembrandt
101.jpg,Andrei_Rublev
102.jpg,Edouard_Manet
103.jpg,Francisco_Goya
104.jpg,Francisco_Goya
105.jpg,Mikhail_Vrubel
106.jpg,Pablo_Picasso
107.jpg,Pablo_Picasso
108.jpg,Jan_van_Eyck
109.jpg,Gustav_Klimt
110.jpg,Vincent_van_Gogh
111.jpg,Rembrandt
112.jpg,Gustave_Courbet
113.jpg,Pierre-Auguste_Renoir
114.jpg,Pablo_Picasso
115.jpg,Kazimir_Malevich
116.jpg,El_Greco
117.jpg,Alfred_Sisley
118.jpg,Pablo_Picasso
119.jpg,Amedeo_Modigliani
120.jpg,Paul_Klee
121.jpg,Henri_Matisse
122.jpg,Francisco_Goya
123.jpg,Leonardo_da_Vinci
124.jpg,Edgar_Degas
125.jpg,Amedeo_Modigliani
126.jpg,Diego_Velazquez
127.jpg,Sandro_Botticelli
128.jpg,Paul_Klee
129.jpg,Henri_Rousseau
130.jpg,Edvard_Munch
131.jpg,Diego_Velazquez
132.jpg,Giotto_di_Bondone
133.jpg,Kazimir_Malevich
134.jpg,Leonardo_da_Vinci
135.jpg,Pieter_Bruegel
136.jpg,Pierre-Auguste_Renoir
137.jpg,Amedeo_Modigliani
138.jpg,Titian
139.jpg,Diego_Velazquez
140.jpg,Andrei_Rublev
141.jpg,Gustav_Klimt
142.jpg,Marc_Chagall
143.jpg,Titian
144.jpg,Vincent_van_Gogh
145.jpg,Alfred_Sisley
146.jpg,Marc_Chagall
147.jpg,Vincent_van_Gogh
148.jpg,Francisco_Goya
149.jpg,Edgar_Degas
150.jpg,Giotto_di_Bondone
151.jpg,Pierre-Auguste_Renoir
152.jpg,Sandro_Botticelli
153.jpg,Vincent_van_Gogh
154.jpg,Paul_Cezanne
155.jpg,Giotto_di_Bondone
156.jpg,Vincent_van_Gogh
157.jpg,Peter_Paul_Rubens
158.jpg,Camille_Pissarro
159.jpg,Marc_Chagall
160.jpg,Andy_Warhol
161.jpg,Vincent_van_Gogh
162.jpg,Vincent_van_Gogh
163.jpg,Marc_Chagall
164.jpg,Henri_Matisse
165.jpg,Peter_Paul_Rubens
166.jpg,Vincent_van_Gogh
167.jpg,El_Greco
168.jpg,Salvador_Dali
169.jpg,Paul_Gauguin
170.jpg,Amedeo_Modigliani
171.jpg,Andy_Warhol
172.jpg,Salvador_Dali
173.jpg,Vincent_van_Gogh
174.jpg,Frida_Kahlo
175.jpg,Alfred_Sisley
176.jpg,Titian
177.jpg,Henri_Matisse
178.jpg,Gustav_Klimt
179.jpg,William_Turner
180.jpg,Francisco_Goya
181.jpg,Alfred_Sisley
182.jpg,Vincent_van_Gogh
183.jpg,Leonardo_da_Vinci
184.jpg,Francisco_Goya
185.jpg,Vincent_van_Gogh
186.jpg,Vincent_van_Gogh
187.jpg,Amedeo_Modigliani
188.jpg,Jan_van_Eyck
189.jpg,Leonardo_da_Vinci
190.jpg,Rene_Magritte
191.jpg,Paul_Gauguin
192.jpg,Edgar_Degas
193.jpg,Sandro_Botticelli
194.jpg,Titian
195.jpg,Giotto_di_Bondone
196.jpg,Pablo_Picasso
197.jpg,Mikhail_Vrubel
198.jpg,Kazimir_Malevich
199.jpg,Pablo_Picasso
200.jpg,Vincent_van_Gogh
201.jpg,Henri_Matisse
202.jpg,Titian
203.jpg,William_Turner
204.jpg,Vincent_van_Gogh
205.jpg,Frida_Kahlo
206.jpg,Paul_Gauguin
207.jpg,Francisco_Goya
208.jpg,Piet_Mondrian
209.jpg,Pablo_Picasso
210.jpg,Edgar_Degas
211.jpg,Pierre-Auguste_Renoir
212.jpg,Vincent_van_Gogh
213.jpg,Frida_Kahlo
214.jpg,Camille_Pissarro
215.jpg,Henri_Matisse
216.jpg,Henri_de_Toulouse-Lautrec
217.jpg,Hieronymus_Bosch
218.jpg,Andy_Warhol
219.jpg,Kazimir_Malevich
220.jpg,Henri_Matisse
221.jpg,Andy_Warhol
222.jpg,Peter_Paul_Rubens
223.jpg,Pierre-Auguste_Renoir
224.jpg,Henri_Matisse
225.jpg,Joan_Miro
226.jpg,Caravaggio
227.jpg,Leonardo_da_Vinci
228.jpg,Vincent_van_Gogh
229.jpg,Henri_Matisse
230.jpg,Pablo_Picasso
231.jpg,Vincent_van_Gogh
232.jpg,Amedeo_Modigliani
233.jpg,Paul_Gauguin
234.jpg,Edgar_Degas
235.jpg,Edgar_Degas
236.jpg,Amedeo_Modigliani
237.jpg,Vincent_van_Gogh
238.jpg,Paul_Gauguin
239.jpg,Pierre-Auguste_Renoir
240.jpg,Piet_Mondrian
241.jpg,Hieronymus_Bosch
242.jpg,Alfred_Sisley
243.jpg,Pieter_Bruegel
244.jpg,Andy_Warhol
245.jpg,Andy_Warhol
246.jpg,Rene_Magritte
247.jpg,Peter_Paul_Rubens
248.jpg,Edgar_Degas
249.jpg,Vincent_van_Gogh
250.jpg,Vincent_van_Gogh
251.jpg,Pierre-Auguste_Renoir
252.jpg,El_Greco
253.jpg,Pierre-Auguste_Renoir
254.jpg,Edgar_Degas
255.jpg,Rembrandt
256.jpg,Mikhail_Vrubel
257.jpg,Vincent_van_Gogh
258.jpg,El_Greco
259.jpg,Paul_Gauguin
260.jpg,Jan_van_Eyck
261.jpg,Leonardo_da_Vinci
262.jpg,Diego_Rivera
263.jpg,Diego_Velazquez
264.jpg,Eugene_Delacroix
265.jpg,Vincent_van_Gogh
266.jpg,Titian
267.jpg,Frida_Kahlo
268.jpg,Hieronymus_Bosch
269.jpg,Vincent_van_Gogh
270.jpg,Edouard_Manet
271.jpg,Pieter_Bruegel
272.jpg,Pierre-Auguste_Renoir
273.jpg,Rembrandt
274.jpg,Paul_Gauguin
275.jpg,Rembrandt
276.jpg,Rene_Magritte
277.jpg,Rene_Magritte
278.jpg,Paul_Klee
279.jpg,Titian
280.jpg,Edgar_Degas
281.jpg,Joan_Miro
282.jpg,Vincent_van_Gogh
283.jpg,Edgar_Degas
284.jpg,Francisco_Goya
285.jpg,Claude_Monet
286.jpg,Marc_Chagall
287.jpg,Amedeo_Modigliani
288.jpg,Hieronymus_Bosch
289.jpg,Peter_Paul_Rubens
290.jpg,Edgar_Degas
291.jpg,Edgar_Degas
292.jpg,Alfred_Sisley
293.jpg,Titian
294.jpg,Edouard_Manet
295.jpg,Kazimir_Malevich
296.jpg,Titian
297.jpg,Titian
298.jpg,Diego_Rivera
299.jpg,Paul_Klee
300.jpg,Vincent_van_Gogh
301.jpg,Joan_Miro
302.jpg,Rene_Magritte
303.jpg,Gustave_Courbet
304.jpg,Kazimir_Malevich
305.jpg,Pierre-Auguste_Renoir
306.jpg,Pierre-Auguste_Renoir
307.jpg,Alfred_Sisley
308.jpg,Camille_Pissarro
309.jpg,Paul_Gauguin
310.jpg,Pierre-Auguste_Renoir
311.jpg,Claude_Monet
312.jpg,Pablo_Picasso
313.jpg,William_Turner
314.jpg,Vincent_van_Gogh
315.jpg,Edgar_Degas
316.jpg,Leonardo_da_Vinci
317.jpg,Edgar_Degas
318.jpg,Edgar_Degas
319.jpg,Amedeo_Modigliani
320.jpg,Georges_Seurat
321.jpg,Edgar_Degas
322.jpg,Vincent_van_Gogh
323.jpg,Hieronymus_Bosch
324.jpg,Raphael
325.jpg,Peter_Paul_Rubens
326.jpg,Andy_Warhol
327.jpg,Paul_Gauguin
328.jpg,Paul_Gauguin
329.jpg,Pablo_Picasso
330.jpg,Pierre-Auguste_Renoir
331.jpg,Vincent_van_Gogh
332.jpg,Pablo_Picasso
333.jpg,Pieter_Bruegel
334.jpg,Piet_Mondrian
335.jpg,Rene_Magritte
336.jpg,Caravaggio
337.jpg,Pierre-Auguste_Renoir
338.jpg,Vincent_van_Gogh
339.jpg,Francisco_Goya
340.jpg,Raphael
341.jpg,Caravaggio
342.jpg,Marc_Chagall
343.jpg,Henri_Rousseau
344.jpg,Caravaggio
345.jpg,Frida_Kahlo
346.jpg,Rene_Magritte
347.jpg,Pieter_Bruegel
348.jpg,Edgar_Degas
349.jpg,Edgar_Degas
350.jpg,Pablo_Picasso
351.jpg,Rembrandt
352.jpg,Mikhail_Vrubel
353.jpg,Vincent_van_Gogh
354.jpg,Edouard_Manet
355.jpg,Pablo_Picasso
356.jpg,Andrei_Rublev
357.jpg,Frida_Kahlo
358.jpg,Salvador_Dali
359.jpg,Vincent_van_Gogh
360.jpg,Edgar_Degas
361.jpg,Titian
362.jpg,Henri_de_Toulouse-Lautrec
363.jpg,Joan_Miro
364.jpg,Pablo_Picasso
365.jpg,Titian
366.jpg,Raphael
367.jpg,Francisco_Goya
368.jpg,Camille_Pissarro
369.jpg,Vincent_van_Gogh
370.jpg,Vincent_van_Gogh
371.jpg,Vincent_van_Gogh
372.jpg,Pablo_Picasso
373.jpg,Andy_Warhol
374.jpg,Francisco_Goya
375.jpg,Giotto_di_Bondone
376.jpg,Pablo_Picasso
377.jpg,Henri_Matisse
378.jpg,Rembrandt
379.jpg,Vincent_van_Gogh
380.jpg,Michelangelo
381.jpg,Andrei_Rublev
382.jpg,Pablo_Picasso
383.jpg,Pieter_Bruegel
384.jpg,Salvador_Dali
385.jpg,Edgar_Degas
386.jpg,Diego_Velazquez
387.jpg,Edgar_Degas
388.jpg,Paul_Klee
389.jpg,Pablo_Picasso
390.jpg,Edvard_Munch
391.jpg,Eugene_Delacroix
392.jpg,Alfred_Sisley
393.jpg,Pablo_Picasso
394.jpg,Edgar_Degas
395.jpg,Edgar_Degas
396.jpg,Mikhail_Vrubel
397.jpg,Edgar_Degas
398.jpg,Henri_Rousseau
399.jpg,Francisco_Goya
400.jpg,Vincent_van_Gogh
401.jpg,Giotto_di_Bondone
402.jpg,Edgar_Degas
403.jpg,Pierre-Auguste_Renoir
404.jpg,Jan_van_Eyck
405.jpg,Piet_Mondrian
406.jpg,Edgar_Degas
407.jpg,Rembrandt
408.jpg,Pablo_Picasso
409.jpg,Vincent_van_Gogh
410.jpg,Pablo_Picasso
411.jpg,Paul_Gauguin
412.jpg,Paul_Gauguin
413.jpg,Pablo_Picasso
414.jpg,Frida_Kahlo
415.jpg,Salvador_Dali
416.jpg,Paul_Klee
417.jpg,Paul_Gauguin
418.jpg,Rembrandt
419.jpg,Alfred_Sisley
420.jpg,Vincent_van_Gogh
421.jpg,Alfred_Sisley
422.jpg,Henri_de_Toulouse-Lautrec
423.jpg,Vincent_van_Gogh
424.jpg,Edgar_Degas
425.jpg,Pablo_Picasso
426.jpg,Henri_Matisse
427.jpg,Edgar_Degas
428.jpg,Mikhail_Vrubel
429.jpg,Rembrandt
430.jpg,Sandro_Botticelli
431.jpg,Sandro_Botticelli
432.jpg,Diego_Rivera
433.jpg,Titian
434.jpg,Titian
435.jpg,Henri_Rousseau
436.jpg,Vasiliy_Kandinskiy
437.jpg,Vincent_van_Gogh
438.jpg,Vincent_van_Gogh
439.jpg,Titian
440.jpg,Pablo_Picasso
441.jpg,Andy_Warhol
442.jpg,Vincent_van_Gogh
443.jpg,Francisco_Goya
444.jpg,Hieronymus_Bosch
445.jpg,Peter_Paul_Rubens
446.jpg,Hieronymus_Bosch
447.jpg,Vincent_van_Gogh
448.jpg,Pierre-Auguste_Renoir
449.jpg,Marc_Chagall
450.jpg,Leonardo_da_Vinci
451.jpg,Pierre-Auguste_Renoir
452.jpg,Camille_Pissarro
453.jpg,Diego_Rivera
454.jpg,Paul_Klee
455.jpg,Pablo_Picasso
456.jpg,Pierre-Auguste_Renoir
457.jpg,Andy_Warhol
458.jpg,Leonardo_da_Vinci
459.jpg,Henri_Matisse
460.jpg,Rembrandt
461.jpg,Andy_Warhol
462.jpg,Vincent_van_Gogh
463.jpg,Vasiliy_Kandinskiy
464.jpg,Paul_Klee
465.jpg,Frida_Kahlo
466.jpg,Diego_Velazquez
467.jpg,Jan_van_Eyck
468.jpg,Raphael
469.jpg,Edgar_Degas
470.jpg,Sandro_Botticelli
471.jpg,Henri_de_Toulouse-Lautrec
472.jpg,Vincent_van_Gogh
473.jpg,Henri_de_Toulouse-Lautrec
474.jpg,Gustave_Courbet
475.jpg,Jackson_Pollock
476.jpg,Paul_Gauguin
477.jpg,Giotto_di_Bondone
478.jpg,Marc_Chagall
479.jpg,Paul_Cezanne
480.jpg,Mikhail_Vrubel
481.jpg,Amedeo_Modigliani
482.jpg,Vincent_van_Gogh
483.jpg,Andy_Warhol
484.jpg,Pieter_Bruegel
485.jpg,Rene_Magritte
486.jpg,Hieronymus_Bosch
487.jpg,Paul_Gauguin
488.jpg,Marc_Chagall
489.jpg,Georges_Seurat
490.jpg,Andrei_Rublev
491.jpg,Peter_Paul_Rubens
492.jpg,Paul_Gauguin
493.jpg,Sandro_Botticelli
494.jpg,Alfred_Sisley
495.jpg,Edgar_Degas
496.jpg,Gustav_Klimt
497.jpg,Pablo_Picasso
498.jpg,Pierre-Auguste_Renoir
499.jpg,Alfred_Sisley
500.jpg,Titian
501.jpg,Henri_Rousseau
502.jpg,Marc_Chagall
503.jpg,Vincent_van_Gogh
504.jpg,Jackson_Pollock
505.jpg,Camille_Pissarro
506.jpg,William_Turner
507.jpg,Vincent_van_Gogh
508.jpg,Piet_Mondrian
509.jpg,Vincent_van_Gogh
510.jpg,Rene_Magritte
511.jpg,Edgar_Degas
512.jpg,Diego_Velazquez
513.jpg,Andy_Warhol
514.jpg,Vincent_van_Gogh
515.jpg,Pieter_Bruegel
516.jpg,Alfred_Sisley
517.jpg,Piet_Mondrian
518.jpg,Edgar_Degas
519.jpg,Edgar_Degas
520.jpg,Peter_Paul_Rubens
521.jpg,Pierre-Auguste_Renoir
522.jpg,Henri_Matisse
523.jpg,Alfred_Sisley
524.jpg,Frida_Kahlo
525.jpg,Francisco_Goya
526.jpg,Pablo_Picasso
527.jpg,Vincent_van_Gogh
528.jpg,Andy_Warhol
529.jpg,Claude_Monet
530.jpg,Raphael
531.jpg,Rembrandt
532.jpg,Henri_Rousseau
533.jpg,Pablo_Picasso
534.jpg,Edvard_Munch
535.jpg,Leonardo_da_Vinci
536.jpg,Vasiliy_Kandinskiy
537.jpg,Henri_Matisse
538.jpg,Vasiliy_Kandinskiy
539.jpg,Alfred_Sisley
540.jpg,Raphael
541.jpg,Pierre-Auguste_Renoir
542.jpg,Joan_Miro
543.jpg,Titian
544.jpg,Edgar_Degas
545.jpg,Edgar_Degas
546.jpg,Salvador_Dali
547.jpg,Edouard_Manet
548.jpg,Rene_Magritte
549.jpg,Pablo_Picasso
550.jpg,Georges_Seurat
551.jpg,Titian
552.jpg,Paul_Gauguin
553.jpg,Edgar_Degas
554.jpg,Michelangelo
555.jpg,Andy_Warhol
556.jpg,Amedeo_Modigliani
557.jpg,Michelangelo
558.jpg,Raphael
559.jpg,Rembrandt
560.jpg,Vasiliy_Kandinskiy
561.jpg,Caravaggio
562.jpg,Kazimir_Malevich
563.jpg,Paul_Cezanne
564.jpg,Paul_Klee
565.jpg,Camille_Pissarro
566.jpg,Francisco_Goya
567.jpg,Edgar_Degas
568.jpg,Paul_Klee
569.jpg,Andrei_Rublev
570.jpg,Edgar_Degas
571.jpg,Marc_Chagall
572.jpg,Alfred_Sisley
573.jpg,Mikhail_Vrubel
574.jpg,Rembrandt
575.jpg,Edouard_Manet
576.jpg,Pierre-Auguste_Renoir
577.jpg,Rene_Magritte
578.jpg,Paul_Cezanne
579.jpg,Mikhail_Vrubel
580.jpg,Kazimir_Malevich
581.jpg,Jan_van_Eyck
582.jpg,Titian
583.jpg,Titian
584.jpg,Paul_Klee
585.jpg,Mikhail_Vrubel
586.jpg,Marc_Chagall
587.jpg,Pablo_Picasso
588.jpg,Salvador_Dali
589.jpg,Vincent_van_Gogh
590.jpg,Joan_Miro
591.jpg,Paul_Gauguin
592.jpg,Edvard_Munch
593.jpg,Rembrandt
594.jpg,Peter_Paul_Rubens
595.jpg,Edgar_Degas
596.jpg,Kazimir_Malevich
597.jpg,Joan_Miro
598.jpg,Vincent_van_Gogh
599.jpg,Alfred_Sisley
600.jpg,Vincent_van_Gogh
601.jpg,Andy_Warhol
602.jpg,Vincent_van_Gogh
603.jpg,Vincent_van_Gogh
604.jpg,Paul_Gauguin
605.jpg,Paul_Gauguin
606.jpg,Caravaggio
607.jpg,Edgar_Degas
608.jpg,William_Turner
609.jpg,Rene_Magritte
610.jpg,Amedeo_Modigliani
611.jpg,Kazimir_Malevich
612.jpg,Sandro_Botticelli
613.jpg,Peter_Paul_Rubens
614.jpg,Henri_Matisse
615.jpg,Francisco_Goya
616.jpg,Giotto_di_Bondone
617.jpg,Pablo_Picasso
618.jpg,Edgar_Degas
619.jpg,Edvard_Munch
620.jpg,Diego_Velazquez
621.jpg,Edgar_Degas
622.jpg,Titian
623.jpg,Salvador_Dali
624.jpg,Edgar_Degas
625.jpg,Kazimir_Malevich
626.jpg,Rembrandt
627.jpg,Amedeo_Modigliani
628.jpg,Pierre-Auguste_Renoir
629.jpg,Sandro_Botticelli
630.jpg,Paul_Klee
631.jpg,Peter_Paul_Rubens
632.jpg,Gustave_Courbet
633.jpg,Rembrandt
634.jpg,Peter_Paul_Rubens
635.jpg,Vincent_van_Gogh
636.jpg,Joan_Miro
637.jpg,Joan_Miro
638.jpg,Alfred_Sisley
639.jpg,Rembrandt
640.jpg,Rene_Magritte
641.jpg,Leonardo_da_Vinci
642.jpg,Vincent_van_Gogh
643.jpg,Pieter_Bruegel
644.jpg,Edgar_Degas
645.jpg,Henri_Matisse
646.jpg,Titian
647.jpg,Edgar_Degas
648.jpg,Giotto_di_Bondone
649.jpg,Paul_Klee
650.jpg,Gustav_Klimt
651.jpg,Pierre-Auguste_Renoir
652.jpg,Amedeo_Modigliani
653.jpg,Jan_van_Eyck
654.jpg,Edgar_Degas
655.jpg,Rembrandt
656.jpg,Alfred_Sisley
657.jpg,Francisco_Goya
658.jpg,Alfred_Sisley
659.jpg,Giotto_di_Bondone
660.jpg,Francisco_Goya
661.jpg,Henri_Matisse
662.jpg,William_Turner
663.jpg,Paul_Gauguin
664.jpg,Edgar_Degas
665.jpg,Marc_Chagall
666.jpg,Georges_Seurat
667.jpg,Vincent_van_Gogh
668.jpg,Pablo_Picasso
669.jpg,Paul_Gauguin
670.jpg,Vincent_van_Gogh
671.jpg,Francisco_Goya
672.jpg,Vincent_van_Gogh
673.jpg,Hieronymus_Bosch
674.jpg,Pierre-Auguste_Renoir
675.jpg,Pieter_Bruegel
676.jpg,Edgar_Degas
677.jpg,Vincent_van_Gogh
678.jpg,Sandro_Botticelli
679.jpg,Edgar_Degas
680.jpg,Vincent_van_Gogh
681.jpg,Peter_Paul_Rubens
682.jpg,Peter_Paul_Rubens
683.jpg,Eugene_Delacroix
684.jpg,Pierre-Auguste_Renoir
685.jpg,Michelangelo
686.jpg,Francisco_Goya
687.jpg,Hieronymus_Bosch
688.jpg,Paul_Gauguin
689.jpg,Pierre-Auguste_Renoir
690.jpg,Leonardo_da_Vinci
691.jpg,Vincent_van_Gogh
692.jpg,Marc_Chagall
693.jpg,William_Turner
694.jpg,Pierre-Auguste_Renoir
695.jpg,Mikhail_Vrubel
696.jpg,Rene_Magritte
697.jpg,Edgar_Degas
698.jpg,Pieter_Bruegel
699.jpg,Piet_Mondrian
700.jpg,Marc_Chagall
701.jpg,Mikhail_Vrubel
702.jpg,Gustav_Klimt
703.jpg,Joan_Miro
704.jpg,Leonardo_da_Vinci
705.jpg,Salvador_Dali
706.jpg,Marc_Chagall
707.jpg,Salvador_Dali
708.jpg,Henri_Matisse
709.jpg,Vincent_van_Gogh
710.jpg,Salvador_Dali
711.jpg,Gustav_Klimt
712.jpg,Alfred_Sisley
713.jpg,Giotto_di_Bondone
714.jpg,Vincent_van_Gogh
715.jpg,Kazimir_Malevich
716.jpg,Diego_Rivera
717.jpg,Henri_Matisse
718.jpg,Andrei_Rublev
719.jpg,Francisco_Goya
720.jpg,Pablo_Picasso
721.jpg,Mikhail_Vrubel
722.jpg,Rene_Magritte
723.jpg,Pablo_Picasso
724.jpg,Claude_Monet
725.jpg,Rene_Magritte
726.jpg,El_Greco
727.jpg,Francisco_Goya
728.jpg,Gustav_Klimt
729.jpg,Diego_Velazquez
730.jpg,Gustave_Courbet
731.jpg,Jan_van_Eyck
732.jpg,Andrei_Rublev
733.jpg,Marc_Chagall
734.jpg,Vincent_van_Gogh
735.jpg,Paul_Cezanne
736.jpg,Rembrandt
737.jpg,Marc_Chagall
738.jpg,Edgar_Degas
739.jpg,Paul_Gauguin
740.jpg,Alfred_Sisley
741.jpg,Kazimir_Malevich
742.jpg,Vasiliy_Kandinskiy
743.jpg,Claude_Monet
744.jpg,Marc_Chagall
745.jpg,Claude_Monet
746.jpg,Jan_van_Eyck
747.jpg,El_Greco
748.jpg,Amedeo_Modigliani
749.jpg,Sandro_Botticelli
750.jpg,Paul_Gauguin
751.jpg,Vincent_van_Gogh
752.jpg,Edgar_Degas
753.jpg,Andy_Warhol
754.jpg,Rene_Magritte
755.jpg,Vasiliy_Kandinskiy
756.jpg,Francisco_Goya
757.jpg,Vincent_van_Gogh
758.jpg,Paul_Gauguin
759.jpg,Pablo_Picasso
760.jpg,Rembrandt
761.jpg,Vincent_van_Gogh
762.jpg,Edgar_Degas
763.jpg,Amedeo_Modigliani
764.jpg,Alfred_Sisley
765.jpg,El_Greco
766.jpg,Andrei_Rublev
767.jpg,Camille_Pissarro
768.jpg,Piet_Mondrian
769.jpg,Gustave_Courbet
770.jpg,Henri_de_Toulouse-Lautrec
771.jpg,Edgar_Degas
772.jpg,Mikhail_Vrubel
773.jpg,Mikhail_Vrubel
774.jpg,Edgar_Degas
775.jpg,Vincent_van_Gogh
776.jpg,Vincent_van_Gogh
777.jpg,Vincent_van_Gogh
778.jpg,Hieronymus_Bosch
779.jpg,Henri_Matisse
780.jpg,Edgar_Degas
781.jpg,Hieronymus_Bosch
782.jpg,Alfred_Sisley
783.jpg,Marc_Chagall
784.jpg,Francisco_Goya
785.jpg,Diego_Rivera
786.jpg,Diego_Velazquez
787.jpg,Diego_Velazquez
788.jpg,Salvador_Dali
789.jpg,Paul_Gauguin
790.jpg,Sandro_Botticelli
791.jpg,Edgar_Degas
792.jpg,Gustav_Klimt
793.jpg,Giotto_di_Bondone
794.jpg,Pablo_Picasso
795.jpg,Paul_Klee
796.jpg,Andy_Warhol
797.jpg,Paul_Gauguin
798.jpg,Marc_Chagall
799.jpg,Diego_Rivera
800.jpg,Vincent_van_Gogh
801.jpg,Edgar_Degas
802.jpg,Paul_Gauguin
803.jpg,Pablo_Picasso
804.jpg,Gustav_Klimt
805.jpg,Mikhail_Vrubel
806.jpg,Pablo_Picasso
807.jpg,Camille_Pissarro
808.jpg,Pierre-Auguste_Renoir
809.jpg,Edgar_Degas
810.jpg,Titian
811.jpg,Francisco_Goya
812.jpg,Sandro_Botticelli
813.jpg,Pieter_Bruegel
814.jpg,Leonardo_da_Vinci
815.jpg,Alfred_Sisley
816.jpg,Amedeo_Modigliani
817.jpg,Henri_Rousseau
818.jpg,Rene_Magritte
819.jpg,Salvador_Dali
820.jpg,Vincent_van_Gogh
821.jpg,Frida_Kahlo
822.jpg,Francisco_Goya
823.jpg,Henri_de_Toulouse-Lautrec
824.jpg,Pierre-Auguste_Renoir
825.jpg,Edgar_Degas
826.jpg,Edgar_Degas
827.jpg,Camille_Pissarro
828.jpg,Rembrandt
829.jpg,Mikhail_Vrubel
830.jpg,Pablo_Picasso
831.jpg,Edgar_Degas
832.jpg,Mikhail_Vrubel
833.jpg,Pieter_Bruegel
